[
    {
        "quizId": "QZ-001",
        "title": "Geography Explorer",
        "difficulty": "Medium",
        "creator": {
            "id": "USR-001",
            "name": "Hanzala Khan",
            "email": "hanzala.khan@gmail.com"
        },
        "questions": {
            "questionId": "Q1",
            "text": "Which language is used to build web apps?",
            "options": [
                "Python",
                "HTML",
                "C++",
                "Swift"
            ],
            "correct_answer": "HTML",
            "marks": 5
        },
        "attempts": {
            "userId": "USR-204",
            "name": "Noah Taylor",
            "email": "noah.taylor@outlook.com",
            "score": 0,
            "completed": false
        }
    },
    {
        "quizId": "QZ-002",
        "title": "General Knowledge Quiz",
        "difficulty": "Hard",
        "creator": {
            "id": "USR-002",
            "name": "Sarah Ahmed",
            "email": "sarah.ahmed@gmail.com"
        },
        "questions": {
            "questionId": "Q2",
            "text": "Which language is used to build web apps?",
            "options": [
                "Python",
                "HTML",
                "C++",
                "Swift"
            ],
            "correct_answer": "HTML",
            "marks": 5
        },
        "attempts": {
            "userId": "USR-202",
            "name": "Liam Brown",
            "email": "liam.brown@gmail.com",
            "score": 0,
            "completed": true
        }
    },
    {
        "quizId": "QZ-003",
        "title": "Geography Explorer",
        "difficulty": "Hard",
        "creator": {
            "id": "USR-004",
            "name": "Emma Wilson",
            "email": "emma.wilson@hotmail.com"
        },
        "questions": {
            "questionId": "Q3",
            "text": "Who invented the telephone?",
            "options": [
                "Alexander Graham Bell",
                "Thomas Edison",
                "Nikola Tesla",
                "Albert Einstein"
            ],
            "correct_answer": "Alexander Graham Bell",
            "marks": 10
        },
        "attempts": {
            "userId": "USR-201",
            "name": "Emma Williams",
            "email": "emma.williams@yahoo.com",
            "score": 0,
            "completed": true
        }
    },
    {
        "quizId": "QZ-004",
        "title": "Food & Culture",
        "difficulty": "Hard",
        "creator": {
            "id": "USR-003",
            "name": "Tom Richards",
            "email": "tom.richards@yahoo.com"
        },
        "questions": {
            "questionId": "Q4",
            "text": "Which ocean is the largest?",
            "options": [
                "Indian",
                "Pacific",
                "Atlantic",
                "Arctic"
            ],
            "correct_answer": "Pacific",
            "marks": 10
        },
        "attempts": {
            "userId": "USR-203",
            "name": "Sophia Davis",
            "email": "sophia.davis@hotmail.com",
            "score": 0,
            "completed": false
        }
    },
    {
        "quizId": "QZ-005",
        "title": "Food & Culture",
        "difficulty": "Easy",
        "creator": {
            "id": "USR-004",
            "name": "Emma Wilson",
            "email": "emma.wilson@hotmail.com"
        },
        "questions": {
            "questionId": "Q5",
            "text": "Which language is used to build web apps?",
            "options": [
                "Python",
                "HTML",
                "C++",
                "Swift"
            ],
            "correct_answer": "HTML",
            "marks": 5
        },
        "attempts": {
            "userId": "USR-204",
            "name": "Noah Taylor",
            "email": "noah.taylor@outlook.com",
            "score": 10,
            "completed": true
        }
    },
    {
        "quizId": "QZ-006",
        "title": "Geography Explorer",
        "difficulty": "Medium",
        "creator": {
            "id": "USR-002",
            "name": "Sarah Ahmed",
            "email": "sarah.ahmed@gmail.com"
        },
        "questions": {
            "questionId": "Q6",
            "text": "Who invented the telephone?",
            "options": [
                "Alexander Graham Bell",
                "Thomas Edison",
                "Nikola Tesla",
                "Albert Einstein"
            ],
            "correct_answer": "Alexander Graham Bell",
            "marks": 5
        },
        "attempts": {
            "userId": "USR-204",
            "name": "Noah Taylor",
            "email": "noah.taylor@outlook.com",
            "score": 5,
            "completed": true
        }
    },
    {
        "quizId": "QZ-007",
        "title": "Food & Culture",
        "difficulty": "Hard",
        "creator": {
            "id": "USR-003",
            "name": "Tom Richards",
            "email": "tom.richards@yahoo.com"
        },
        "questions": {
            "questionId": "Q7",
            "text": "What is the capital of Japan?",
            "options": [
                "Seoul",
                "Beijing",
                "Tokyo",
                "Kyoto"
            ],
            "correct_answer": "Tokyo",
            "marks": 5
        },
        "attempts": {
            "userId": "USR-204",
            "name": "Noah Taylor",
            "email": "noah.taylor@outlook.com",
            "score": 0,
            "completed": false
        }
    },
    {
        "quizId": "QZ-008",
        "title": "Science Trivia",
        "difficulty": "Easy",
        "creator": {
            "id": "USR-004",
            "name": "Emma Wilson",
            "email": "emma.wilson@hotmail.com"
        },
        "questions": {
            "questionId": "Q8",
            "text": "Which language is used to build web apps?",
            "options": [
                "Python",
                "HTML",
                "C++",
                "Swift"
            ],
            "correct_answer": "HTML",
            "marks": 5
        },
        "attempts": {
            "userId": "USR-203",
            "name": "Sophia Davis",
            "email": "sophia.davis@hotmail.com",
            "score": 5,
            "completed": false
        }
    },
    {
        "quizId": "QZ-009",
        "title": "Sports Legends",
        "difficulty": "Easy",
        "creator": {
            "id": "USR-001",
            "name": "Hanzala Khan",
            "email": "hanzala.khan@gmail.com"
        },
        "questions": {
            "questionId": "Q9",
            "text": "Which ocean is the largest?",
            "options": [
                "Indian",
                "Pacific",
                "Atlantic",
                "Arctic"
            ],
            "correct_answer": "Pacific",
            "marks": 10
        },
        "attempts": {
            "userId": "USR-201",
            "name": "Emma Williams",
            "email": "emma.williams@yahoo.com",
            "score": 10,
            "completed": false
        }
    },
    {
        "quizId": "QZ-010",
        "title": "General Knowledge Quiz",
        "difficulty": "Medium",
        "creator": {
            "id": "USR-004",
            "name": "Emma Wilson",
            "email": "emma.wilson@hotmail.com"
        },
        "questions": {
            "questionId": "Q10",
            "text": "Which ocean is the largest?",
            "options": [
                "Indian",
                "Pacific",
                "Atlantic",
                "Arctic"
            ],
            "correct_answer": "Pacific",
            "marks": 10
        },
        "attempts": {
            "userId": "USR-204",
            "name": "Noah Taylor",
            "email": "noah.taylor@outlook.com",
            "score": 5,
            "completed": true
        }
    },
    {
        "quizId": "QZ-011",
        "title": "Geography Explorer",
        "difficulty": "Medium",
        "creator": {
            "id": "USR-002",
            "name": "Sarah Ahmed",
            "email": "sarah.ahmed@gmail.com"
        },
        "questions": {
            "questionId": "Q11",
            "text": "Which ocean is the largest?",
            "options": [
                "Indian",
                "Pacific",
                "Atlantic",
                "Arctic"
            ],
            "correct_answer": "Pacific",
            "marks": 5
        },
        "attempts": {
            "userId": "USR-201",
            "name": "Emma Williams",
            "email": "emma.williams@yahoo.com",
            "score": 5,
            "completed": true
        }
    },
    {
        "quizId": "QZ-012",
        "title": "Music Mania",
        "difficulty": "Medium",
        "creator": {
            "id": "USR-003",
            "name": "Tom Richards",
            "email": "tom.richards@yahoo.com"
        },
        "questions": {
            "questionId": "Q12",
            "text": "Which language is used to build web apps?",
            "options": [
                "Python",
                "HTML",
                "C++",
                "Swift"
            ],
            "correct_answer": "HTML",
            "marks": 10
        },
        "attempts": {
            "userId": "USR-201",
            "name": "Emma Williams",
            "email": "emma.williams@yahoo.com",
            "score": 10,
            "completed": true
        }
    },
    {
        "quizId": "QZ-013",
        "title": "Sports Legends",
        "difficulty": "Medium",
        "creator": {
            "id": "USR-002",
            "name": "Sarah Ahmed",
            "email": "sarah.ahmed@gmail.com"
        },
        "questions": {
            "questionId": "Q13",
            "text": "Which language is used to build web apps?",
            "options": [
                "Python",
                "HTML",
                "C++",
                "Swift"
            ],
            "correct_answer": "HTML",
            "marks": 5
        },
        "attempts": {
            "userId": "USR-204",
            "name": "Noah Taylor",
            "email": "noah.taylor@outlook.com",
            "score": 0,
            "completed": true
        }
    },
    {
        "quizId": "QZ-014",
        "title": "Geography Explorer",
        "difficulty": "Easy",
        "creator": {
            "id": "USR-001",
            "name": "Hanzala Khan",
            "email": "hanzala.khan@gmail.com"
        },
        "questions": {
            "questionId": "Q14",
            "text": "Which ocean is the largest?",
            "options": [
                "Indian",
                "Pacific",
                "Atlantic",
                "Arctic"
            ],
            "correct_answer": "Pacific",
            "marks": 5
        },
        "attempts": {
            "userId": "USR-203",
            "name": "Sophia Davis",
            "email": "sophia.davis@hotmail.com",
            "score": 10,
            "completed": true
        }
    },
    {
        "quizId": "QZ-015",
        "title": "Music Mania",
        "difficulty": "Medium",
        "creator": {
            "id": "USR-004",
            "name": "Emma Wilson",
            "email": "emma.wilson@hotmail.com"
        },
        "questions": {
            "questionId": "Q15",
            "text": "Who invented the telephone?",
            "options": [
                "Alexander Graham Bell",
                "Thomas Edison",
                "Nikola Tesla",
                "Albert Einstein"
            ],
            "correct_answer": "Alexander Graham Bell",
            "marks": 5
        },
        "attempts": {
            "userId": "USR-202",
            "name": "Liam Brown",
            "email": "liam.brown@gmail.com",
            "score": 10,
            "completed": false
        }
    },
    {
        "quizId": "QZ-016",
        "title": "History Facts",
        "difficulty": "Medium",
        "creator": {
            "id": "USR-002",
            "name": "Sarah Ahmed",
            "email": "sarah.ahmed@gmail.com"
        },
        "questions": {
            "questionId": "Q16",
            "text": "Who invented the telephone?",
            "options": [
                "Alexander Graham Bell",
                "Thomas Edison",
                "Nikola Tesla",
                "Albert Einstein"
            ],
            "correct_answer": "Alexander Graham Bell",
            "marks": 5
        },
        "attempts": {
            "userId": "USR-201",
            "name": "Emma Williams",
            "email": "emma.williams@yahoo.com",
            "score": 10,
            "completed": false
        }
    },
    {
        "quizId": "QZ-017",
        "title": "History Facts",
        "difficulty": "Hard",
        "creator": {
            "id": "USR-004",
            "name": "Emma Wilson",
            "email": "emma.wilson@hotmail.com"
        },
        "questions": {
            "questionId": "Q17",
            "text": "Who invented the telephone?",
            "options": [
                "Alexander Graham Bell",
                "Thomas Edison",
                "Nikola Tesla",
                "Albert Einstein"
            ],
            "correct_answer": "Alexander Graham Bell",
            "marks": 5
        },
        "attempts": {
            "userId": "USR-201",
            "name": "Emma Williams",
            "email": "emma.williams@yahoo.com",
            "score": 5,
            "completed": true
        }
    },
    {
        "quizId": "QZ-018",
        "title": "Science Trivia",
        "difficulty": "Medium",
        "creator": {
            "id": "USR-002",
            "name": "Sarah Ahmed",
            "email": "sarah.ahmed@gmail.com"
        },
        "questions": {
            "questionId": "Q18",
            "text": "Which planet is known as the Red Planet?",
            "options": [
                "Earth",
                "Mars",
                "Venus",
                "Jupiter"
            ],
            "correct_answer": "Mars",
            "marks": 10
        },
        "attempts": {
            "userId": "USR-204",
            "name": "Noah Taylor",
            "email": "noah.taylor@outlook.com",
            "score": 0,
            "completed": false
        }
    },
    {
        "quizId": "QZ-019",
        "title": "General Knowledge Quiz",
        "difficulty": "Medium",
        "creator": {
            "id": "USR-004",
            "name": "Emma Wilson",
            "email": "emma.wilson@hotmail.com"
        },
        "questions": {
            "questionId": "Q19",
            "text": "Which ocean is the largest?",
            "options": [
                "Indian",
                "Pacific",
                "Atlantic",
                "Arctic"
            ],
            "correct_answer": "Pacific",
            "marks": 5
        },
        "attempts": {
            "userId": "USR-202",
            "name": "Liam Brown",
            "email": "liam.brown@gmail.com",
            "score": 5,
            "completed": true
        }
    },
    {
        "quizId": "QZ-020",
        "title": "General Knowledge Quiz",
        "difficulty": "Hard",
        "creator": {
            "id": "USR-004",
            "name": "Emma Wilson",
            "email": "emma.wilson@hotmail.com"
        },
        "questions": {
            "questionId": "Q20",
            "text": "Who invented the telephone?",
            "options": [
                "Alexander Graham Bell",
                "Thomas Edison",
                "Nikola Tesla",
                "Albert Einstein"
            ],
            "correct_answer": "Alexander Graham Bell",
            "marks": 5
        },
        "attempts": {
            "userId": "USR-201",
            "name": "Emma Williams",
            "email": "emma.williams@yahoo.com",
            "score": 5,
            "completed": true
        }
    },
    {
        "quizId": "QZ-021",
        "title": "Tech Innovations",
        "difficulty": "Hard",
        "creator": {
            "id": "USR-004",
            "name": "Emma Wilson",
            "email": "emma.wilson@hotmail.com"
        },
        "questions": {
            "questionId": "Q21",
            "text": "Which language is used to build web apps?",
            "options": [
                "Python",
                "HTML",
                "C++",
                "Swift"
            ],
            "correct_answer": "HTML",
            "marks": 10
        },
        "attempts": {
            "userId": "USR-202",
            "name": "Liam Brown",
            "email": "liam.brown@gmail.com",
            "score": 0,
            "completed": true
        }
    },
    {
        "quizId": "QZ-022",
        "title": "Sports Legends",
        "difficulty": "Medium",
        "creator": {
            "id": "USR-002",
            "name": "Sarah Ahmed",
            "email": "sarah.ahmed@gmail.com"
        },
        "questions": {
            "questionId": "Q22",
            "text": "Which language is used to build web apps?",
            "options": [
                "Python",
                "HTML",
                "C++",
                "Swift"
            ],
            "correct_answer": "HTML",
            "marks": 5
        },
        "attempts": {
            "userId": "USR-203",
            "name": "Sophia Davis",
            "email": "sophia.davis@hotmail.com",
            "score": 5,
            "completed": false
        }
    },
    {
        "quizId": "QZ-023",
        "title": "Music Mania",
        "difficulty": "Hard",
        "creator": {
            "id": "USR-003",
            "name": "Tom Richards",
            "email": "tom.richards@yahoo.com"
        },
        "questions": {
            "questionId": "Q23",
            "text": "What is the capital of Japan?",
            "options": [
                "Seoul",
                "Beijing",
                "Tokyo",
                "Kyoto"
            ],
            "correct_answer": "Tokyo",
            "marks": 5
        },
        "attempts": {
            "userId": "USR-202",
            "name": "Liam Brown",
            "email": "liam.brown@gmail.com",
            "score": 5,
            "completed": true
        }
    },
    {
        "quizId": "QZ-024",
        "title": "Food & Culture",
        "difficulty": "Hard",
        "creator": {
            "id": "USR-002",
            "name": "Sarah Ahmed",
            "email": "sarah.ahmed@gmail.com"
        },
        "questions": {
            "questionId": "Q24",
            "text": "Which ocean is the largest?",
            "options": [
                "Indian",
                "Pacific",
                "Atlantic",
                "Arctic"
            ],
            "correct_answer": "Pacific",
            "marks": 5
        },
        "attempts": {
            "userId": "USR-201",
            "name": "Emma Williams",
            "email": "emma.williams@yahoo.com",
            "score": 5,
            "completed": true
        }
    },
    {
        "quizId": "QZ-025",
        "title": "Movie Buff Challenge",
        "difficulty": "Easy",
        "creator": {
            "id": "USR-001",
            "name": "Hanzala Khan",
            "email": "hanzala.khan@gmail.com"
        },
        "questions": {
            "questionId": "Q25",
            "text": "What is the capital of Japan?",
            "options": [
                "Seoul",
                "Beijing",
                "Tokyo",
                "Kyoto"
            ],
            "correct_answer": "Tokyo",
            "marks": 10
        },
        "attempts": {
            "userId": "USR-203",
            "name": "Sophia Davis",
            "email": "sophia.davis@hotmail.com",
            "score": 5,
            "completed": true
        }
    },
    {
        "quizId": "QZ-026",
        "title": "Tech Innovations",
        "difficulty": "Hard",
        "creator": {
            "id": "USR-004",
            "name": "Emma Wilson",
            "email": "emma.wilson@hotmail.com"
        },
        "questions": {
            "questionId": "Q26",
            "text": "Which language is used to build web apps?",
            "options": [
                "Python",
                "HTML",
                "C++",
                "Swift"
            ],
            "correct_answer": "HTML",
            "marks": 10
        },
        "attempts": {
            "userId": "USR-202",
            "name": "Liam Brown",
            "email": "liam.brown@gmail.com",
            "score": 10,
            "completed": false
        }
    },
    {
        "quizId": "QZ-027",
        "title": "Tech Innovations",
        "difficulty": "Hard",
        "creator": {
            "id": "USR-003",
            "name": "Tom Richards",
            "email": "tom.richards@yahoo.com"
        },
        "questions": {
            "questionId": "Q27",
            "text": "Which language is used to build web apps?",
            "options": [
                "Python",
                "HTML",
                "C++",
                "Swift"
            ],
            "correct_answer": "HTML",
            "marks": 10
        },
        "attempts": {
            "userId": "USR-204",
            "name": "Noah Taylor",
            "email": "noah.taylor@outlook.com",
            "score": 10,
            "completed": false
        }
    },
    {
        "quizId": "QZ-028",
        "title": "Music Mania",
        "difficulty": "Hard",
        "creator": {
            "id": "USR-001",
            "name": "Hanzala Khan",
            "email": "hanzala.khan@gmail.com"
        },
        "questions": {
            "questionId": "Q28",
            "text": "Who invented the telephone?",
            "options": [
                "Alexander Graham Bell",
                "Thomas Edison",
                "Nikola Tesla",
                "Albert Einstein"
            ],
            "correct_answer": "Alexander Graham Bell",
            "marks": 5
        },
        "attempts": {
            "userId": "USR-203",
            "name": "Sophia Davis",
            "email": "sophia.davis@hotmail.com",
            "score": 10,
            "completed": false
        }
    },
    {
        "quizId": "QZ-029",
        "title": "History Facts",
        "difficulty": "Easy",
        "creator": {
            "id": "USR-004",
            "name": "Emma Wilson",
            "email": "emma.wilson@hotmail.com"
        },
        "questions": {
            "questionId": "Q29",
            "text": "Which planet is known as the Red Planet?",
            "options": [
                "Earth",
                "Mars",
                "Venus",
                "Jupiter"
            ],
            "correct_answer": "Mars",
            "marks": 5
        },
        "attempts": {
            "userId": "USR-202",
            "name": "Liam Brown",
            "email": "liam.brown@gmail.com",
            "score": 10,
            "completed": false
        }
    },
    {
        "quizId": "QZ-030",
        "title": "Science Trivia",
        "difficulty": "Easy",
        "creator": {
            "id": "USR-001",
            "name": "Hanzala Khan",
            "email": "hanzala.khan@gmail.com"
        },
        "questions": {
            "questionId": "Q30",
            "text": "Which ocean is the largest?",
            "options": [
                "Indian",
                "Pacific",
                "Atlantic",
                "Arctic"
            ],
            "correct_answer": "Pacific",
            "marks": 5
        },
        "attempts": {
            "userId": "USR-203",
            "name": "Sophia Davis",
            "email": "sophia.davis@hotmail.com",
            "score": 5,
            "completed": false
        }
    },
    {
        "quizId": "QZ-031",
        "title": "World Capitals Quiz",
        "difficulty": "Easy",
        "creator": {
            "id": "USR-002",
            "name": "Sarah Ahmed",
            "email": "sarah.ahmed@gmail.com"
        },
        "questions": {
            "questionId": "Q31",
            "text": "Which ocean is the largest?",
            "options": [
                "Indian",
                "Pacific",
                "Atlantic",
                "Arctic"
            ],
            "correct_answer": "Pacific",
            "marks": 5
        },
        "attempts": {
            "userId": "USR-203",
            "name": "Sophia Davis",
            "email": "sophia.davis@hotmail.com",
            "score": 10,
            "completed": true
        }
    },
    {
        "quizId": "QZ-032",
        "title": "Geography Explorer",
        "difficulty": "Easy",
        "creator": {
            "id": "USR-003",
            "name": "Tom Richards",
            "email": "tom.richards@yahoo.com"
        },
        "questions": {
            "questionId": "Q32",
            "text": "Which language is used to build web apps?",
            "options": [
                "Python",
                "HTML",
                "C++",
                "Swift"
            ],
            "correct_answer": "HTML",
            "marks": 10
        },
        "attempts": {
            "userId": "USR-202",
            "name": "Liam Brown",
            "email": "liam.brown@gmail.com",
            "score": 5,
            "completed": true
        }
    },
    {
        "quizId": "QZ-033",
        "title": "Science Trivia",
        "difficulty": "Medium",
        "creator": {
            "id": "USR-001",
            "name": "Hanzala Khan",
            "email": "hanzala.khan@gmail.com"
        },
        "questions": {
            "questionId": "Q33",
            "text": "Which ocean is the largest?",
            "options": [
                "Indian",
                "Pacific",
                "Atlantic",
                "Arctic"
            ],
            "correct_answer": "Pacific",
            "marks": 10
        },
        "attempts": {
            "userId": "USR-204",
            "name": "Noah Taylor",
            "email": "noah.taylor@outlook.com",
            "score": 5,
            "completed": false
        }
    },
    {
        "quizId": "QZ-034",
        "title": "World Capitals Quiz",
        "difficulty": "Hard",
        "creator": {
            "id": "USR-001",
            "name": "Hanzala Khan",
            "email": "hanzala.khan@gmail.com"
        },
        "questions": {
            "questionId": "Q34",
            "text": "Which ocean is the largest?",
            "options": [
                "Indian",
                "Pacific",
                "Atlantic",
                "Arctic"
            ],
            "correct_answer": "Pacific",
            "marks": 10
        },
        "attempts": {
            "userId": "USR-204",
            "name": "Noah Taylor",
            "email": "noah.taylor@outlook.com",
            "score": 0,
            "completed": true
        }
    },
    {
        "quizId": "QZ-035",
        "title": "Science Trivia",
        "difficulty": "Easy",
        "creator": {
            "id": "USR-003",
            "name": "Tom Richards",
            "email": "tom.richards@yahoo.com"
        },
        "questions": {
            "questionId": "Q35",
            "text": "Who invented the telephone?",
            "options": [
                "Alexander Graham Bell",
                "Thomas Edison",
                "Nikola Tesla",
                "Albert Einstein"
            ],
            "correct_answer": "Alexander Graham Bell",
            "marks": 5
        },
        "attempts": {
            "userId": "USR-203",
            "name": "Sophia Davis",
            "email": "sophia.davis@hotmail.com",
            "score": 0,
            "completed": false
        }
    },
    {
        "quizId": "QZ-036",
        "title": "World Capitals Quiz",
        "difficulty": "Easy",
        "creator": {
            "id": "USR-002",
            "name": "Sarah Ahmed",
            "email": "sarah.ahmed@gmail.com"
        },
        "questions": {
            "questionId": "Q36",
            "text": "Which language is used to build web apps?",
            "options": [
                "Python",
                "HTML",
                "C++",
                "Swift"
            ],
            "correct_answer": "HTML",
            "marks": 10
        },
        "attempts": {
            "userId": "USR-201",
            "name": "Emma Williams",
            "email": "emma.williams@yahoo.com",
            "score": 5,
            "completed": true
        }
    },
    {
        "quizId": "QZ-037",
        "title": "Geography Explorer",
        "difficulty": "Easy",
        "creator": {
            "id": "USR-003",
            "name": "Tom Richards",
            "email": "tom.richards@yahoo.com"
        },
        "questions": {
            "questionId": "Q37",
            "text": "Which planet is known as the Red Planet?",
            "options": [
                "Earth",
                "Mars",
                "Venus",
                "Jupiter"
            ],
            "correct_answer": "Mars",
            "marks": 10
        },
        "attempts": {
            "userId": "USR-203",
            "name": "Sophia Davis",
            "email": "sophia.davis@hotmail.com",
            "score": 5,
            "completed": true
        }
    },
    {
        "quizId": "QZ-038",
        "title": "Geography Explorer",
        "difficulty": "Medium",
        "creator": {
            "id": "USR-001",
            "name": "Hanzala Khan",
            "email": "hanzala.khan@gmail.com"
        },
        "questions": {
            "questionId": "Q38",
            "text": "Who invented the telephone?",
            "options": [
                "Alexander Graham Bell",
                "Thomas Edison",
                "Nikola Tesla",
                "Albert Einstein"
            ],
            "correct_answer": "Alexander Graham Bell",
            "marks": 5
        },
        "attempts": {
            "userId": "USR-204",
            "name": "Noah Taylor",
            "email": "noah.taylor@outlook.com",
            "score": 5,
            "completed": false
        }
    },
    {
        "quizId": "QZ-039",
        "title": "Food & Culture",
        "difficulty": "Hard",
        "creator": {
            "id": "USR-003",
            "name": "Tom Richards",
            "email": "tom.richards@yahoo.com"
        },
        "questions": {
            "questionId": "Q39",
            "text": "What is the capital of Japan?",
            "options": [
                "Seoul",
                "Beijing",
                "Tokyo",
                "Kyoto"
            ],
            "correct_answer": "Tokyo",
            "marks": 10
        },
        "attempts": {
            "userId": "USR-204",
            "name": "Noah Taylor",
            "email": "noah.taylor@outlook.com",
            "score": 0,
            "completed": true
        }
    },
    {
        "quizId": "QZ-040",
        "title": "Sports Legends",
        "difficulty": "Hard",
        "creator": {
            "id": "USR-002",
            "name": "Sarah Ahmed",
            "email": "sarah.ahmed@gmail.com"
        },
        "questions": {
            "questionId": "Q40",
            "text": "Which language is used to build web apps?",
            "options": [
                "Python",
                "HTML",
                "C++",
                "Swift"
            ],
            "correct_answer": "HTML",
            "marks": 5
        },
        "attempts": {
            "userId": "USR-203",
            "name": "Sophia Davis",
            "email": "sophia.davis@hotmail.com",
            "score": 0,
            "completed": true
        }
    },
    {
        "quizId": "QZ-041",
        "title": "Science Trivia",
        "difficulty": "Easy",
        "creator": {
            "id": "USR-004",
            "name": "Emma Wilson",
            "email": "emma.wilson@hotmail.com"
        },
        "questions": {
            "questionId": "Q41",
            "text": "Who invented the telephone?",
            "options": [
                "Alexander Graham Bell",
                "Thomas Edison",
                "Nikola Tesla",
                "Albert Einstein"
            ],
            "correct_answer": "Alexander Graham Bell",
            "marks": 10
        },
        "attempts": {
            "userId": "USR-201",
            "name": "Emma Williams",
            "email": "emma.williams@yahoo.com",
            "score": 5,
            "completed": true
        }
    },
    {
        "quizId": "QZ-042",
        "title": "Geography Explorer",
        "difficulty": "Medium",
        "creator": {
            "id": "USR-002",
            "name": "Sarah Ahmed",
            "email": "sarah.ahmed@gmail.com"
        },
        "questions": {
            "questionId": "Q42",
            "text": "Who invented the telephone?",
            "options": [
                "Alexander Graham Bell",
                "Thomas Edison",
                "Nikola Tesla",
                "Albert Einstein"
            ],
            "correct_answer": "Alexander Graham Bell",
            "marks": 5
        },
        "attempts": {
            "userId": "USR-201",
            "name": "Emma Williams",
            "email": "emma.williams@yahoo.com",
            "score": 0,
            "completed": false
        }
    },
    {
        "quizId": "QZ-043",
        "title": "Food & Culture",
        "difficulty": "Medium",
        "creator": {
            "id": "USR-004",
            "name": "Emma Wilson",
            "email": "emma.wilson@hotmail.com"
        },
        "questions": {
            "questionId": "Q43",
            "text": "Which language is used to build web apps?",
            "options": [
                "Python",
                "HTML",
                "C++",
                "Swift"
            ],
            "correct_answer": "HTML",
            "marks": 10
        },
        "attempts": {
            "userId": "USR-201",
            "name": "Emma Williams",
            "email": "emma.williams@yahoo.com",
            "score": 10,
            "completed": true
        }
    },
    {
        "quizId": "QZ-044",
        "title": "Sports Legends",
        "difficulty": "Hard",
        "creator": {
            "id": "USR-002",
            "name": "Sarah Ahmed",
            "email": "sarah.ahmed@gmail.com"
        },
        "questions": {
            "questionId": "Q44",
            "text": "Which language is used to build web apps?",
            "options": [
                "Python",
                "HTML",
                "C++",
                "Swift"
            ],
            "correct_answer": "HTML",
            "marks": 5
        },
        "attempts": {
            "userId": "USR-202",
            "name": "Liam Brown",
            "email": "liam.brown@gmail.com",
            "score": 10,
            "completed": true
        }
    },
    {
        "quizId": "QZ-045",
        "title": "Tech Innovations",
        "difficulty": "Easy",
        "creator": {
            "id": "USR-002",
            "name": "Sarah Ahmed",
            "email": "sarah.ahmed@gmail.com"
        },
        "questions": {
            "questionId": "Q45",
            "text": "Which ocean is the largest?",
            "options": [
                "Indian",
                "Pacific",
                "Atlantic",
                "Arctic"
            ],
            "correct_answer": "Pacific",
            "marks": 10
        },
        "attempts": {
            "userId": "USR-204",
            "name": "Noah Taylor",
            "email": "noah.taylor@outlook.com",
            "score": 5,
            "completed": true
        }
    },
    {
        "quizId": "QZ-046",
        "title": "Sports Legends",
        "difficulty": "Hard",
        "creator": {
            "id": "USR-003",
            "name": "Tom Richards",
            "email": "tom.richards@yahoo.com"
        },
        "questions": {
            "questionId": "Q46",
            "text": "Which ocean is the largest?",
            "options": [
                "Indian",
                "Pacific",
                "Atlantic",
                "Arctic"
            ],
            "correct_answer": "Pacific",
            "marks": 10
        },
        "attempts": {
            "userId": "USR-204",
            "name": "Noah Taylor",
            "email": "noah.taylor@outlook.com",
            "score": 10,
            "completed": false
        }
    },
    {
        "quizId": "QZ-047",
        "title": "History Facts",
        "difficulty": "Hard",
        "creator": {
            "id": "USR-004",
            "name": "Emma Wilson",
            "email": "emma.wilson@hotmail.com"
        },
        "questions": {
            "questionId": "Q47",
            "text": "What is the capital of Japan?",
            "options": [
                "Seoul",
                "Beijing",
                "Tokyo",
                "Kyoto"
            ],
            "correct_answer": "Tokyo",
            "marks": 5
        },
        "attempts": {
            "userId": "USR-203",
            "name": "Sophia Davis",
            "email": "sophia.davis@hotmail.com",
            "score": 0,
            "completed": true
        }
    },
    {
        "quizId": "QZ-048",
        "title": "Sports Legends",
        "difficulty": "Medium",
        "creator": {
            "id": "USR-002",
            "name": "Sarah Ahmed",
            "email": "sarah.ahmed@gmail.com"
        },
        "questions": {
            "questionId": "Q48",
            "text": "Who invented the telephone?",
            "options": [
                "Alexander Graham Bell",
                "Thomas Edison",
                "Nikola Tesla",
                "Albert Einstein"
            ],
            "correct_answer": "Alexander Graham Bell",
            "marks": 10
        },
        "attempts": {
            "userId": "USR-201",
            "name": "Emma Williams",
            "email": "emma.williams@yahoo.com",
            "score": 10,
            "completed": false
        }
    },
    {
        "quizId": "QZ-049",
        "title": "World Capitals Quiz",
        "difficulty": "Hard",
        "creator": {
            "id": "USR-002",
            "name": "Sarah Ahmed",
            "email": "sarah.ahmed@gmail.com"
        },
        "questions": {
            "questionId": "Q49",
            "text": "What is the capital of Japan?",
            "options": [
                "Seoul",
                "Beijing",
                "Tokyo",
                "Kyoto"
            ],
            "correct_answer": "Tokyo",
            "marks": 5
        },
        "attempts": {
            "userId": "USR-201",
            "name": "Emma Williams",
            "email": "emma.williams@yahoo.com",
            "score": 5,
            "completed": true
        }
    },
    {
        "quizId": "QZ-050",
        "title": "History Facts",
        "difficulty": "Hard",
        "creator": {
            "id": "USR-002",
            "name": "Sarah Ahmed",
            "email": "sarah.ahmed@gmail.com"
        },
        "questions": {
            "questionId": "Q50",
            "text": "Which ocean is the largest?",
            "options": [
                "Indian",
                "Pacific",
                "Atlantic",
                "Arctic"
            ],
            "correct_answer": "Pacific",
            "marks": 5
        },
        "attempts": {
            "userId": "USR-202",
            "name": "Liam Brown",
            "email": "liam.brown@gmail.com",
            "score": 0,
            "completed": true
        }
    }
]